﻿<?xml version="1.0" encoding="utf-8" ?>
<configuration>
	<!-- This indicates the version of Sandcastle with which this installer is associated.-->
	<sandcastle version="v2019.11.17.0" />

	<!-- Define the installer pages.  Third-party build tool and component providers can add new pages that
			 they have created to install their own products as well. -->
	<pages>
		<!-- These are the pages used by the installer.  Their order here will determine their order in the
				 installation form.  If set, the assembly attribute is the assembly containing the given type.  If
				 not set, the given installer page type is assumed to be in the same assembly as the currently
				 executing installer. -->
		<page type="Sandcastle.Installer.InstallerPages.WelcomePage" />

		<page type="Sandcastle.Installer.InstallerPages.WhatsNewPage">
			<whatsNew url="https://EWSoftware.github.io/SHFB/html/f8d393f6-a081-43ad-9a84-e8d379f2de56.htm"
				description="Sandcastle Help File Builder and Tools v2019.11.17.0 Release Notes" />
		</page>

		<page type="Sandcastle.Installer.InstallerPages.HelpFileFormatsPage">
			<page type="Sandcastle.Installer.InstallerPages.Help1CompilerPage" />
		</page>

		<page type="Sandcastle.Installer.InstallerPages.SandcastleHelpFileBuilderPage"
			shfbVersion="2019.11.17.0" installerName="SandcastleHelpFileBuilder.msi"/>

		<page type="Sandcastle.Installer.InstallerPages.SHFBVisualStudioPackagePage"
			packageGuid="c997d569-ee8e-4947-a46f-9a0717ce39a0">
			<package name="SHFBVisualStudioPackage_VS2015AndLater.vsix" supportedVersions="14,15,16" />
		</page>

		<page type="Sandcastle.Installer.InstallerPages.MamlIntelliSensePage" />
		<page type="Sandcastle.Installer.InstallerPages.MamlSnippetsPage" />
		<page type="Sandcastle.Installer.InstallerPages.VisualStudioSpellCheckerPage" />
		<page type="Sandcastle.Installer.InstallerPages.ExtendedDocCommentsProviderPage" />
		<page type="Sandcastle.Installer.InstallerPages.CompletionPage" />
	</pages>
</configuration>
